CatalogItemId,Name,Manufacturer,Url,ProductUrl,CurrentPrice,Currency,StockAvailability,Category,SubCategory,PriceHiddenUntilCart,Rating,ReviewCount
900001,"Magnesium Bisglycinate, 200 mg, 180 Capsules",Fixture Labs,https://tracking.example/c/000000/0000/0000?u=https%3A%2F%2Fwww.iherb.com%2Fpr%2Ffixture-labs-magnesium-bisglycinate-200-mg-180-capsules%2F900001,https://www.iherb.com/pr/fixture-labs-magnesium-bisglycinate-200-mg-180-capsules/900001,18.99,USD,InStock,Supplements > Minerals,Magnesium,false,4.7,12000
900002,"Magnesium Citrate, 240 Tablets",Example Naturals,https://tracking.example/c/000000/0000/0000?u=https%3A%2F%2Fwww.iherb.com%2Fpr%2Fexample-naturals-magnesium-citrate-240-tablets%2F900002,https://www.iherb.com/pr/example-naturals-magnesium-citrate-240-tablets/900002,14.50,USD,InStock,Supplements > Minerals,Magnesium,false,4.5,3400
900003,"Magnesium Oxide, 400 mg, 250 Tablets",Placeholder Nutrition,https://tracking.example/c/000000/0000/0000?u=https%3A%2F%2Fwww.iherb.com%2Fpr%2Fplaceholder-nutrition-magnesium-oxide-400-mg-250-tablets%2F900003,https://www.iherb.com/pr/placeholder-nutrition-magnesium-oxide-400-mg-250-tablets/900003,9.99,USD,InStock,Supplements > Minerals,Magnesium,false,4.3,8100
900004,"Magnesium Malate, 120 Capsules",Sample Works,https://tracking.example/c/000000/0000/0000?u=https%3A%2F%2Fwww.iherb.com%2Fpr%2Fsample-works-magnesium-malate-120-capsules%2F900004,https://www.iherb.com/pr/sample-works-magnesium-malate-120-capsules/900004,21.00,USD,InStock,Supplements > Minerals,Magnesium,false,4.8,950
900005,"Magnesium L-Threonate, 90 Capsules",Fixture Labs,https://tracking.example/c/000000/0000/0000?u=https%3A%2F%2Fwww.iherb.com%2Fpr%2Ffixture-labs-magnesium-l-threonate-90-capsules%2F900005,https://www.iherb.com/pr/fixture-labs-magnesium-l-threonate-90-capsules/900005,32.00,USD,InStock,Supplements > Minerals,Magnesium,false,4.6,5200
900006,"Magnesium Taurate, 120 Capsules",Example Naturals,https://tracking.example/c/000000/0000/0000?u=https%3A%2F%2Fwww.iherb.com%2Fpr%2Fexample-naturals-magnesium-taurate-120-capsules%2F900006,https://www.iherb.com/pr/example-naturals-magnesium-taurate-120-capsules/900006,24.50,USD,InStock,Supplements > Minerals,Magnesium,false,4.9,40
900007,"Magnesium Complex, 120 Capsules",Placeholder Nutrition,https://tracking.example/c/000000/0000/0000?u=https%3A%2F%2Fwww.iherb.com%2Fpr%2Fplaceholder-nutrition-magnesium-complex-120-capsules%2F900007,https://www.iherb.com/pr/placeholder-nutrition-magnesium-complex-120-capsules/900007,12.99,USD,InStock,Supplements > Minerals,Magnesium,false,,
900008,"Magnesium Citrate Powder, 8 oz",Sample Works,https://tracking.example/c/000000/0000/0000?u=https%3A%2F%2Fwww.iherb.com%2Fpr%2Fsample-works-magnesium-citrate-powder-8-oz%2F900008,https://www.iherb.com/pr/sample-works-magnesium-citrate-powder-8-oz/900008,19.99,USD,InStock,Supplements > Minerals,Magnesium,true,4.4,2100
900009,"Magnesium Chloride, 120 Tablets",Fixture Labs,https://tracking.example/c/000000/0000/0000?u=https%3A%2F%2Fwww.iherb.com%2Fpr%2Ffixture-labs-magnesium-chloride-120-tablets%2F900009,https://www.iherb.com/pr/fixture-labs-magnesium-chloride-120-tablets/900009,,USD,InStock,Supplements > Minerals,Magnesium,false,4.2,610
900010,"Magnesium Aspartate, 100 Capsules",Example Naturals,https://tracking.example/c/000000/0000/0000?u=https%3A%2F%2Fwww.iherb.com%2Fpr%2Fexample-naturals-magnesium-aspartate-100-capsules%2F900010,https://www.iherb.com/pr/example-naturals-magnesium-aspartate-100-capsules/900010,11.25,USD,InStock,Supplements > Minerals,Magnesium,false,4.0,75
900011,"Magnesium Glycinate, 90 Capsules",Placeholder Nutrition,https://tracking.example/c/000000/0000/0000?u=https%3A%2F%2Fwww.iherb.com%2Fpr%2Fplaceholder-nutrition-magnesium-glycinate-90-capsules%2F900011,https://www.iherb.com/pr/placeholder-nutrition-magnesium-glycinate-90-capsules/900011,15.00,USD,InStock,Supplements > Minerals,Magnesium,false,4.5,1500
900012,"Magnesium Carbonate, 120 Capsules",Sample Works,https://tracking.example/c/000000/0000/0000?u=https%3A%2F%2Fwww.iherb.com%2Fpr%2Fsample-works-magnesium-carbonate-120-capsules%2F900012,https://www.iherb.com/pr/sample-works-magnesium-carbonate-120-capsules/900012,7.49,USD,OutOfStock,Supplements > Minerals,Magnesium,false,4.1,300
900101,"Vitamin D3, 25 mcg, 360 Softgels",Fixture Labs,https://tracking.example/c/000000/0000/0000?u=https%3A%2F%2Fwww.iherb.com%2Fpr%2Ffixture-labs-vitamin-d3-25-mcg-360-softgels%2F900101,https://www.iherb.com/pr/fixture-labs-vitamin-d3-25-mcg-360-softgels/900101,9.00,USD,InStock,Supplements > Vitamins,Vitamin D,false,4.8,9000
900102,"Calcium Magnesium Zinc, 100 Tablets",Sample Works,https://tracking.example/c/000000/0000/0000?u=https%3A%2F%2Fwww.iherb.com%2Fpr%2Fsample-works-calcium-magnesium-zinc-100-tablets%2F900102,https://www.iherb.com/pr/sample-works-calcium-magnesium-zinc-100-tablets/900102,8.00,USD,InStock,Supplements > Minerals,Calcium Magnesium Zinc,false,4.6,700
900013,"Magnesium Glycinate, 60 Capsules",Example Naturals,https://tracking.example/c/000000/0000/0000?u=https%3A%2F%2Fwww.iherb.com%2Fpr%2Fexample-naturals-magnesium-glycinate-60-capsules%2F900013,https://www.iherb.com/pr/example-naturals-magnesium-glycinate-60-capsules/900013,10.00,EUR,InStock,Supplements > Minerals,Magnesium,false,4.4,200
900001,"Magnesium Bisglycinate, 200 mg, 180 Capsules",Fixture Labs,https://tracking.example/c/000000/0000/0000?u=https%3A%2F%2Fwww.iherb.com%2Fpr%2Ffixture-labs-magnesium-bisglycinate-200-mg-180-capsules%2F900001,https://www.iherb.com/pr/fixture-labs-magnesium-bisglycinate-200-mg-180-capsules/900001,18.99,USD,InStock,Supplements > Minerals,Magnesium,false,4.7,12000
900014,"Magnesium Orotate, 60 Capsules",Fixture Labs,https://tracking.example/c/000000/0000/0000?u=https%3A%2F%2Fwww.iherb.com%2Fpr%2Ffixture-labs-magnesium-orotate-60-capsules%2F900014,https://www.iherb.com/pr/fixture-labs-magnesium-orotate-60-capsules/900014,16.00,USD,Maybe,Supplements > Minerals,Magnesium,false,4.2,90
